E0-001-093823192-4,Performing arts Classes - Bernadette Peters,Gloria E. McClellan Senior Center,performing arts
E0-001-093745825-0,Performing arts Event - Pre Folklorico-MV,MV-Field 1 - Montevalle Community Park,performing arts
E0-001-094210866-9,Performing arts Event - Preschool Folklorico-V,Veterans Park Recreation Center,performing arts
E0-001-093824225-8,Performing arts Classes - WOW Wednesday-September,Gloria E. McClellan Senior Center,performing arts
E0-001-094175287-0,Performing arts Event - Folklorico Mexicano-Preschool-PWC,Parkway Community Center,performing arts
E0-001-093733516-2,Performing arts Event - Tap III-MV,MV-Field 1 - Montevalle Community Park,performing arts
E0-001-093743203-0,Performing arts Event - Tap II-MV,MV-Field 1 - Montevalle Community Park,performing arts
E0-001-094026785-2,Performing arts Event - Hip Hop-Beg/Inter-PWC,Parkway Community Center,performing arts
E0-001-094151249-4,Singing Seniors - Performance Based,City of Chula Vista,performing arts
E0-001-094219502-7,Kids Act! Stories in Performance!,Carmel Valley Recreation Center,performing arts
E0-001-093823192-4,Performing arts Classes - Bernadette Peters,Gloria E. McClellan Senior Center,performing arts
E0-001-093745825-0,Performing arts Event - Pre Folklorico-MV,MV-Field 1 - Montevalle Community Park,performing arts
E0-001-093824225-8,Performing arts Classes - WOW Wednesday-September,Gloria E. McClellan Senior Center,performing arts
E0-001-093733516-2,Performing arts Event - Tap III-MV,MV-Field 1 - Montevalle Community Park,performing arts
E0-001-094175287-0,Performing arts Event - Folklorico Mexicano-Preschool-PWC,Parkway Community Center,performing arts
E0-001-093743203-0,Performing arts Event - Tap II-MV,MV-Field 1 - Montevalle Community Park,performing arts
E0-001-094210866-9,Performing arts Event - Preschool Folklorico-V,Veterans Park Recreation Center,performing arts
E0-001-094026785-2,Performing arts Event - Hip Hop-Beg/Inter-PWC,Parkway Community Center,performing arts
E0-001-094151249-4,Singing Seniors - Performance Based,City of Chula Vista,performing arts
E0-001-094219502-7,Kids Act! Stories in Performance!,Carmel Valley Recreation Center,performing arts
E0-001-094219502-7,Kids Act! Stories in Performance!,Carmel Valley Recreation Center,performing arts
E0-001-093773528-3,Civic Dance Arts PreTap SR,Scripps Ranch Community Park,performing arts
E0-001-094532990-8,Civic Dance Arts Irish CdP,Casa del Prado,performing arts
E0-001-094547987-8,Civic Dance Arts Company CdP,Casa del Prado,performing arts
E0-001-093772416-2,Civic Dance Arts Pre Tap AG,Allied Gardens Recreation Center,performing arts
E0-001-093773684-8,Civic Dance Arts Pre Tap SC,San Carlos Recreation Center,performing arts
E0-001-093823900-5,Civic Dance Arts Summer Dance Camp B,Balboa Park Club,performing arts
E0-001-094546138-3,Civic Dance Arts Percussive Rhythm CdP,Casa del Prado,performing arts
E0-001-093772435-7,Civic Dance Arts Int Jazz 3B SM,Serra Mesa Rec Center,performing arts
E0-001-093821732-2,Civic Dance Arts Beg Tap 1A HT,Hilltop Recreation Center,performing arts
E0-001-093775307-6,Civic Dance Arts Pre-Dancer Summer Camp,Balboa Park Club,performing arts
E0-001-094542734-3,Civic Dance Arts Creative Movement S,Standley Park Recreation Center,performing arts
E0-001-093823348-1,Civic Dance Arts Pre Ballet HT,Hilltop Recreation Center,performing arts
E0-001-093823900-5,Civic Dance Arts Summer Dance Camp B,Balboa Park Club,performing arts
E0-001-094532521-2,Civic Dance Arts Int Ballet 3A CdP,Casa del Prado,performing arts
E0-001-093774438-8,Civic Dance Arts Beg Tap 1A KM,Kearny Mesa Rec Center,performing arts
E0-001-094532268-6,Civic Dance Arts Int Tumbling 3A WM,War Memorial Building,performing arts
E0-001-094544893-9,Civic Dance Arts T-Troupe CdP,Casa del Prado,performing arts
E0-001-093773235-6,Civic Dance Arts Beg Tap 1A PH,Paradise Hills Recreation Center,performing arts
E0-001-094532329-6,Civic Dance Arts Pre Ballet CH,City Heights Recreation Center,performing arts
E0-001-094532268-6,Civic Dance Arts Int Tumbling 3A WM,War Memorial Building,performing arts
E0-001-093774438-8,Civic Dance Arts Beg Tap 1A KM,Kearny Mesa Rec Center,performing arts
E0-001-093771934-6,Civic Dance Arts Jazz Tech 2 WM,War Memorial Building,performing arts
E0-001-094546138-3,Civic Dance Arts Percussive Rhythm CdP,Casa del Prado,performing arts
E0-001-093775172-2,Civic Dance Arts Pre Tap RB,Rancho Bernardo Recreation Center,performing arts
E0-001-093744996-0,Civic Dance Arts Beg Tap 1A CH,City Heights Recreation Center,performing arts
E0-001-094544893-9,Civic Dance Arts T-Troupe CdP,Casa del Prado,performing arts
E0-001-093773235-6,Civic Dance Arts Beg Tap 1A PH,Paradise Hills Recreation Center,performing arts
E0-001-093773448-8,Civic Dance Arts Young Adult Ensemble CdP,Casa del Prado,performing arts
E0-001-093773307-2,Civic Dance Arts Open Tap Improv CdP,Casa del Prado,performing arts
E0-001-093773638-9,Civic Dance Arts Pre Tap CYN,Canyonside Recreation Center,performing arts
E0-001-093772080-1,Civic Dance Arts Beg Jazz 1A CL,South Clairemont Recreation Center,performing arts
E0-001-094542734-3,Civic Dance Arts Creative Movement S,Standley Park Recreation Center,performing arts
E0-001-094544893-9,Civic Dance Arts T-Troupe CdP,Casa del Prado,performing arts
E0-001-093773235-6,Civic Dance Arts Beg Tap 1A PH,Paradise Hills Recreation Center,performing arts
E0-001-094466468-2,Civic Dance Arts Int Ballet 3A HG,Hourglass Fieldâ??,performing arts
E0-001-094546138-3,Civic Dance Arts Percussive Rhythm CdP,Casa del Prado,performing arts
E0-001-093773214-3,Civic Dance Arts Summer Adult Workshop,Casa del Prado,performing arts
E0-001-094543878-3,Civic Dance Arts Adv Int Tumbling 4B WM,War Memorial Building,performing arts
E0-001-093773342-5,Civic Dance Arts Adv Beg Jazz 2A SM,Serra Mesa Rec Center,performing arts
E0-001-093772184-6,Civic Dance Arts Adult Beg Tap 1A CdP Th pm,Casa del Prado,performing arts
E0-001-093772082-9,Civic Dance Arts Adv Beg Tap 2B CL,South Clairemont Recreation Center,performing arts
E0-001-093737696-5,Civic Dance Arts Jazz Tech 3 & 4 KM,Kearny Mesa Rec Center,performing arts
E0-001-093772068-9,Civic Dance Arts Adv Beg Jazz 2A RB,Rancho Bernardo Recreation Center,performing arts
E0-001-094030852-0,Civic Dance Arts Adult Beg Ballet 1A CdP,Casa del Prado,performing arts
E0-001-093772302-0,Civic Dance Arts Adv Beg Tap 2B SC,San Carlos Recreation Center,performing arts
E0-001-093773429-3,Civic Dance Arts Adult Beg Tap 1A T,Tierrasanta Parks and Recreation Center Rooms 2 and 3,performing arts
E0-001-093774305-1,Civic Dance Arts Beg Hip Hop 1A S,Standley Park Recreation Center,performing arts
E0-001-093772316-3,Civic Dance Arts Adv Beg Tap 2B S,Standley Park Recreation Center,performing arts
E0-001-093772579-0,Civic Dance Arts Adv Beg Tap 2A PH,Paradise Hills Recreation Center,performing arts
E0-001-093774835-7,Civic Dance Arts Adult Beg Tap 1A WM,War Memorial Building,performing arts
E0-001-094541132-4,Civic Dance Arts Boys Ballet & Mus Rhythm 1B CdP,Casa del Prado,performing arts
E0-001-093774496-2,Civic Dance Arts Adult Adv Beg Jazz 2A WM,War Memorial Building - Auditorium,performing arts
E0-001-093774671-1,Civic Dance Arts Jazz Tech 1 & 2 PH,Paradise Hills Recreation Center,performing arts
E0-001-093772068-9,Civic Dance Arts Adv Beg Jazz 2A RB,Rancho Bernardo Recreation Center,performing arts
E0-001-094030852-0,Civic Dance Arts Adult Beg Ballet 1A CdP,Casa del Prado,performing arts
E0-001-093772184-6,Civic Dance Arts Adult Beg Tap 1A CdP Th pm,Casa del Prado,performing arts
E0-001-093773342-5,Civic Dance Arts Adv Beg Jazz 2A SM,Serra Mesa Rec Center,performing arts
E0-001-093772302-0,Civic Dance Arts Adv Beg Tap 2B SC,San Carlos Recreation Center,performing arts
E0-001-093773429-3,Civic Dance Arts Adult Beg Tap 1A T,Tierrasanta Parks and Recreation Center Rooms 2 and 3,performing arts
E0-001-093772082-9,Civic Dance Arts Adv Beg Tap 2B CL,South Clairemont Recreation Center,performing arts
E0-001-093774835-7,Civic Dance Arts Adult Beg Tap 1A WM,War Memorial Building,performing arts
E0-001-094544881-4,Civic Dance Arts Pre-Ballet 5 & 6 yrs T,Tierrasanta Parks and Recreation Center Rooms 2 and 3,performing arts
E0-001-094546748-4,Civic Dance Arts Adv Int Modern 4A WM,War Memorial Building,performing arts
E0-001-094030852-0,Civic Dance Arts Adult Beg Ballet 1A CdP,Casa del Prado,performing arts
E0-001-093771935-5,Civic Dance Arts Adv Beg Tap 2A HG,Hourglass Fieldâ??,performing arts
E0-001-094883325-3,The Art of Picture Telling: Kamishibai Ages 8+,Rhein Center,performing arts
E0-001-093772192-5,Civic Dance Arts Adult Adv Beg Tap 2A CdP Tu am,Casa del Prado,performing arts
E0-001-093736670-0,Civic Dance Arts Adult Adv Beg Tap 2A CdP Th am,Casa del Prado,performing arts
E0-001-094198639-8,"""John Cleese & Eric Idle: Together Again At Last ... For The Very First Time""","California Center for the Arts, Escondido",performing arts
E0-001-093738137-4,Dance to Evolve Tiny Movers Tap Dancing/Ballet,Nobel Recreation Center,performing arts
E0-001-094211771-9,Griffith Park Observatory,Gloria E. McClellan Senior Center,performing arts
E0-001-094763857-2,Express Yourself WO4,Camp Whispering Oaks,performing arts
E0-001-094217288-6,Dance Event - Belly Dance,South Clairemont Recreation Center,performing arts
E0-001-093772497-7,Dance Star Shiners Ballet/Tap Combo - Full Session,Carmel Valley Recreation Center,performing arts
E0-001-093746340-1,Dance to Evolve Pre-Star Shiners Tap/Ballet,Nobel Recreation Center,performing arts
E0-001-093734899-9,Dance to Evolve Tiny Movers Tap Dancing/Ballet,Nobel Recreation Center,performing arts
E0-001-093743802-5,Dance to Evolve Magical Munchkins Tap/Ballet,Nobel Recreation Center,performing arts
E0-001-094715184-2,Ukulele (Ages 18-49) - Intermediate,Encinitas Community Center,performing arts
E0-001-094180091-9,Dance Cardio Party (Aug),City of Chula Vista,performing arts
E0-001-093736496-0,Jazz/Hip Hop 2 - V,Veterans Annex - Veterans Park Recreation Center,performing arts
E0-001-094152135-9,Urban Line Dancing,Parkway Community Center,performing arts
E0-001-093737828-2,Line Dance Advanced (Sept) - NPC,City of Chula Vista,performing arts
E0-001-093679182-0,Hip Hop Zumba,Encanto Recreation Center,performing arts
E0-001-093678528-1,Guitar Event - Guitar Club,,performing arts
E0-001-094311169-7,Camp: Creative Explorers Camp,Old Poway Park,performing arts
E0-001-094306919-0,Camp: Star Wars,Old Poway Park,performing arts
E0-001-093774848-1,Dance to Evolve Magical Munchkins Tap/Ballet,Nobel Recreation Center,performing arts
E0-001-094831844-4,Guitar Event - Youth Guitar,MC Dance/Exercise Room - Mathes Community Center,performing arts
E0-001-094781276-7,Camp: Dance: Dancing Princess Fairytale,Twin Peaks Middle School,performing arts
E0-001-094615023-5,Private Piano Lesson (Mon 2:30p),SC-Court #1 - Salt Creek Community Park,performing arts
E0-001-093745984-2,Line Dance Advanced (Aug) - NPC,City of Chula Vista,performing arts
E0-001-094716061-9,Dance Classes - Fun Sway,Encinitas Community Center,performing arts
E0-001-093794048-7,Susie's Line Dance,Carmel Mountain Recreation Center,performing arts
E0-001-093774094-8,Dance Event - Advanced Dance,San Ysidro Community Activity Center,performing arts
E0-001-094315702-4,Camp: Best of Broadway,Meadowbrook Gymnasium,performing arts
E0-001-094180540-0,Wiggly Worms-OT,Otay Classroom - Otay Recreation Center,performing arts
E0-001-094179821-6,Folklorico Mexicano PreSchool-OT,Otay Classroom - Otay Recreation Center,performing arts
E0-001-093796462-7,Guitar Event - Guitar Lessons-Adults,Kearny Mesa Rec Center,performing arts
E0-001-094212189-1,Kids World,Veterans Park Recreation Center,performing arts
E0-001-094307413-8,Camp: Mysteries of Magic,Old Poway Park,performing arts
E0-001-093743781-3,Classical Ballet I - SC,SC-Court #1 - Salt Creek Community Park,performing arts
E0-001-094715429-2,Beginning Guitar - Mondays- with Guitar and case,Staump Music School,performing arts
E0-001-094715888-1,Adult Guitar/Ukulele- bring your own,Staump Music School,performing arts
E0-001-094715198-5,Line Dancing Beginning - Level 1,Encinitas Community Center,performing arts
E0-001-094715983-5,Beginning Guitar - Mondays- bring your own,Staump Music School,performing arts
E0-001-094715619-3,Kids HipHop Dance Camp,Encinitas Community Center,performing arts
E0-001-094716413-8,Beginning Piano- Wednesdays,Staump Music School,performing arts
E0-001-094716377-7,Soul Line Dancing,Encinitas Community Center,performing arts
E0-001-094716585-4,Music Event - Drum- Tuesdays,Staump Music School,performing arts
E0-001-093679182-0,Hip Hop Zumba,Encanto Recreation Center,performing arts
E0-001-094026723-2,Evolve Dance -Tiny Movers Tap/Ballet,Tierrasanta Parks and Recreation Center Rooms 2 and 3,performing arts
E0-001-094174012-1,Dance to Evolve Star Shiners,Nobel Recreation Center,performing arts
E0-001-093746557-9,Combo Full Day Soccer/Dance,Carmel Valley Recreation Center,performing arts
E0-001-094798415-2,Veggie Instruments: Ages 8 - 16,Rhein Center,performing arts
E0-001-094715821-6,Ballet Teen/Adult Level I,Encinitas Community Center,performing arts
E0-001-093792155-2,Guitar Lessons (Aug),City of Chula Vista,performing arts
E0-001-093745685-4,Line Dance Beginning (Aug) - NPC,City of Chula Vista,performing arts
E0-001-093792159-8,Talent Agent Workshop with Bonnie Ventis from Clear Talent Group,JRP San Diego,performing arts
E0-001-093796462-7,Guitar Event - Guitar Lessons-Adults,Kearny Mesa Rec Center,performing arts
E0-001-094174012-1,Dance to Evolve Star Shiners,Nobel Recreation Center,performing arts
E0-001-093738313-2,Star Shinners Tap/Ballet Session 2,Allied Gardens Recreation Center,performing arts
E0-001-094220966-7,Fairy Tale Dance Camp,Expressions Dance & Movement Center,performing arts
E0-001-094171038-8,Cardio Fitness Dance,Lopez Ridge Recreation Center,performing arts
E0-001-094717505-5,"Hula, Tahitian and Maori Dance",Encinitas Community Center,performing arts
E0-001-094214141-5,Babies Bop - Heritage,Heritage Park and Community Center,performing arts
E0-001-094179668-9,Contemporary/Street Dance/Hip Hop,Oceanside High,performing arts
E0-001-094176056-9,Preschool Ballet - OT,Otay Classroom - Otay Recreation Center,performing arts
E0-001-093746852-1,Hip Hop Creative Dance-MV,MV-Field 1 - Montevalle Community Park,performing arts
E0-001-094151397-0,Singing Informal,City of Chula Vista,performing arts
E0-001-094831110-4,Ninja Hip Hop Camp,Expressions Dance & Movement Center,performing arts
E0-001-094026723-2,Evolve Dance -Tiny Movers Tap/Ballet,Tierrasanta Parks and Recreation Center Rooms 2 and 3,performing arts
E0-001-093734062-3,Dance To Evolve Tiny Movers,Carmel Mountain Recreation Center,performing arts
E0-001-094032385-7,Dance Event - Pop Dance,Cesar Chavez Community Center,performing arts
E0-001-094715175-4,Private Piano Lesson (Mon 5p),SC-Court #1 - Salt Creek Community Park,performing arts
E0-001-094171038-8,Cardio Fitness Dance,Lopez Ridge Recreation Center,performing arts
E0-001-094715902-0,Just Barre - Fitness,Encinitas Community Center,performing arts
E0-001-094715429-2,Beginning Guitar - Mondays- with Guitar and case,Staump Music School,performing arts
E0-001-094715198-5,Line Dancing Beginning - Level 1,Encinitas Community Center,performing arts
E0-001-094716377-7,Soul Line Dancing,Encinitas Community Center,performing arts
E0-001-093792984-6,Dance- Tap 2- KEN,Kennedy Park,performing arts
E0-001-094316930-2,Sing Along with Broadway,Gloria E. McClellan Senior Center,performing arts
E0-001-094717043-0,Line Dancing Beginning - Level 1,Encinitas Community Center,performing arts
E0-001-094717443-6,Dance Classes - Fun Sway,Encinitas Community Center,performing arts
E0-001-094717545-3,Ballroom Dance - Cha Cha,Encinitas Community Center,performing arts
E0-001-094717249-2,"Hula, Tahitian and Maori Dance",Encinitas Community Center,performing arts
E0-001-094717597-6,Teen/Adult Ballet Combined Levels I - II,Encinitas Community Center,performing arts
E0-001-094716399-9,Beginning Guitar - Tuesdays- with Guitar and case,Staump Music School,performing arts
E0-001-093733638-3,Hip Hop Creative Dance-MV,MV-Field 1 - Montevalle Community Park,performing arts
E0-001-093738464-5,PS Ballet/Tap - SC (Sat),SC-Court #1 - Salt Creek Community Park,performing arts
E0-001-093792155-2,Guitar Lessons (Aug),City of Chula Vista,performing arts
E0-001-093794048-7,Susie's Line Dance,Carmel Mountain Recreation Center,performing arts
E0-001-093742064-6,Percussion and Drumming Classes - Drum- Wednesdays,Staump Music School,performing arts
E0-001-094212189-1,Kids World,Veterans Park Recreation Center,performing arts
E0-001-093788615-2,TNT Track Dancers- REN,Renette Center &amp; Park,performing arts
E0-001-094831110-4,Ninja Hip Hop Camp,Expressions Dance & Movement Center,performing arts
E0-001-093738137-4,Dance to Evolve Tiny Movers Tap Dancing/Ballet,Nobel Recreation Center,performing arts
E0-001-093746557-9,Combo Full Day Soccer/Dance,Carmel Valley Recreation Center,performing arts
E0-001-093734062-3,Dance To Evolve Tiny Movers,Carmel Mountain Recreation Center,performing arts
E0-001-094798415-2,Veggie Instruments: Ages 8 - 16,Rhein Center,performing arts
E0-001-093792435-5,Jazzercise for Juniors-MV,MV-Field 1 - Montevalle Community Park,performing arts
E0-001-093792319-8,Dance Combo- FHC,Fletcher Hills Center &amp; Pool,performing arts
E0-001-093792717-6,Dance- Tap 3- HIL,Hillside Community Center,performing arts
E0-001-093733629-5,Dance Event - Zumba-July-PWC,Parkway Community Center,performing arts
E0-001-093772761-9,Ballet Event - Ballet Pointe-MV,MV-Field 1 - Montevalle Community Park,performing arts
E0-001-093795998-0,Dance- Ballet 1- FHC,Fletcher Hills Center &amp; Pool,performing arts
E0-001-093787848-1,Dance- Ballet 2- REN,Renette Center &amp; Park,performing arts
E0-001-093796281-4,Dance- Hip Hop 1- REN,Renette Center &amp; Park,performing arts
E0-001-094219605-3,Dance Classes - Princess Ballerina,Encinitas Community Center,performing arts
E0-001-093744975-7,Cardio Dance Fitness,Nobel Recreation Center,performing arts
E0-001-093792155-2,Guitar Lessons (Aug),City of Chula Vista,performing arts
E0-001-093745685-4,Line Dance Beginning (Aug) - NPC,City of Chula Vista,performing arts
E0-001-093792159-8,Talent Agent Workshop with Bonnie Ventis from Clear Talent Group,JRP San Diego,performing arts
E0-001-094219440-8,Beauty & BeastYOUNG ACTORS THEATRE CAMP WK 5,Encinitas Community Center,performing arts
E0-001-094167099-2,Ballet Event - Ballet -OT,Otay Classroom - Otay Recreation Center,performing arts
E0-001-094417193-3,City Hall Dance - July 2016 Pre-Sale,Santee City Hall - Bldg. 7,performing arts
E0-001-094176056-9,Preschool Ballet - OT,Otay Classroom - Otay Recreation Center,performing arts
E0-001-094179668-9,Contemporary/Street Dance/Hip Hop,Oceanside High,performing arts
E0-001-093738464-5,PS Ballet/Tap - SC (Sat),SC-Court #1 - Salt Creek Community Park,performing arts
E0-001-094180541-9,FrozenYOUNG ACTORS THEATRE CAMP WK 4,Encinitas Community Center,performing arts
E0-001-094884291-4,Camp: Beat Breakers Hip Hop,Old Poway Park,performing arts
E0-001-094884876-9,Camp: Superhero Dance,Old Poway Park,performing arts
E0-001-094716656-1,Kids Hip Hop Dance Camp,Encinitas Community Center,performing arts
E0-001-093746557-9,Combo Full Day Soccer/Dance,Carmel Valley Recreation Center,performing arts
E0-001-094174012-1,Dance to Evolve Star Shiners,Nobel Recreation Center,performing arts
E0-001-094177344-8,Dance to Evolve Beat Breakers Hip Hop,Nobel Recreation Center,performing arts
E0-001-094717370-1,Line Dancing Beginning - Level 2 Plus,Encinitas Community Center,performing arts
E0-001-094714966-1,Ukulele (Ages 18-49) - Beginning,Encinitas Community Center,performing arts
E0-001-094715206-3,Ukulele - Intermediate,Encinitas Community Center,performing arts
E0-001-093744461-9,Dance Event - Zumba-August-PWC,Parkway Community Center,performing arts
E0-001-094616401-6,Dance Camp for ages 6-12,MacArthur Park,performing arts
E0-001-093794317-4,Guitar Lessons- Seniors,Kearny Mesa Rec Center,performing arts
E0-001-094179821-6,Folklorico Mexicano PreSchool-OT,Otay Classroom - Otay Recreation Center,performing arts
E0-001-093963326-2,Urban Line Dancing-LVC,Loma Verde Recreation Center,performing arts
E0-001-093772380-8,Ballet Event - Ballet II,San Carlos Recreation Center,performing arts
E0-001-093746395-1,Jazz Hip Hop-MV,MV-Field 1 - Montevalle Community Park,performing arts
E0-001-093795341-8,Dance- Advanced Ballet/Pointe- REN,Renette Center &amp; Park,performing arts
E0-001-093746818-7,Preschool Ballet and Tap 1 - V,Veterans Annex - Veterans Park Recreation Center,performing arts
E0-001-093772048-5,Ballet Event - Pre-Ballet,San Carlos Recreation Center,performing arts
E0-001-093741270-8,Staump Drum Camp,Staump Music School,performing arts
E0-001-093790373-2,Dance- Ballet Basics- REN,Renette Center &amp; Park,performing arts
E0-001-093772380-8,Ballet Event - Ballet II,San Carlos Recreation Center,performing arts
E0-001-093796484-9,Dance Combo- HIL,Hillside Community Center,performing arts
E0-001-093746818-7,Preschool Ballet and Tap 1 - V,Veterans Annex - Veterans Park Recreation Center,performing arts
E0-001-093795341-8,Dance- Advanced Ballet/Pointe- REN,Renette Center &amp; Park,performing arts
E0-001-093746395-1,Jazz Hip Hop-MV,MV-Field 1 - Montevalle Community Park,performing arts
E0-001-093791074-1,Dance- Hip Hop 2- REN,Renette Center &amp; Park,performing arts
E0-001-093796272-6,Preschool Dance 2- HIL,Hillside Community Center,performing arts
E0-001-093794904-4,Dance- Teen/Adult Hip Hop- REN,Renette Center &amp; Park,performing arts
E0-001-093788191-7,Dance- Jazz 1- KEN,Kennedy Park,performing arts
E0-001-093787848-1,Dance- Ballet 2- REN,Renette Center &amp; Park,performing arts
E0-001-093796281-4,Dance- Hip Hop 1- REN,Renette Center &amp; Park,performing arts
E0-001-093733629-5,Dance Event - Zumba-July-PWC,Parkway Community Center,performing arts
E0-001-093795998-0,Dance- Ballet 1- FHC,Fletcher Hills Center &amp; Pool,performing arts
E0-001-093792717-6,Dance- Tap 3- HIL,Hillside Community Center,performing arts
E0-001-094219605-3,Dance Classes - Princess Ballerina,Encinitas Community Center,performing arts
E0-001-093741964-0,HIIT It Hard- Jazzercise-July-MV,MV-Field 1 - Montevalle Community Park,performing arts
E0-001-093787860-3,Dance Combo- BOS,Bostonia Center &amp; Park,performing arts
E0-001-093791519-9,Dance Combo- HIL,Hillside Community Center,performing arts
E0-001-093792680-3,Dance- Ballet 1- REN,Renette Center &amp; Park,performing arts
E0-001-093790489-2,Dance- Jazz Advanced- REN,Renette Center &amp; Park,performing arts
E0-001-094166267-4,Cardio Fitness Dance,Lopez Ridge Recreation Center,performing arts
E0-001-093789839-7,Susie's Line Dance,Carmel Mountain Recreation Center,performing arts
E0-001-093732894-0,Line Dance Advanced (July) - NPC,City of Chula Vista,performing arts
E0-001-093792600-7,Guitar Lessons (July),City of Chula Vista,performing arts
E0-001-093746509-2,Line Dance Beginning (July) - NPC,City of Chula Vista,performing arts
E0-001-093787743-7,Dance- Jazz 2- REN,Renette Center &amp; Park,performing arts
E0-001-093796289-6,Dance- Mini Hip Hop- BOS,Bostonia Center &amp; Park,performing arts
E0-001-094212064-3,Adv Jazz Wed (ages 9-17),MacArthur Park,performing arts
E0-001-093743498-6,Creative Explorers Dance Camp,Tierrasanta Parks and Recreation Center Rooms 2 and 3,performing arts
E0-001-093822890-2,Dance Event - Capoeira,Delores Magdaleno Memorial Center,performing arts
E0-001-093822985-9,Soul Line Dancing,Encinitas Community Center,performing arts
E0-001-093820197-8,Soul Line Dancing,Encinitas Community Center,performing arts
E0-001-093821108-1,Soul Line Dancing,Encinitas Community Center,performing arts
E0-001-093681052-3,Guitar Event - Guitar,South Clairemont Recreation Center,performing arts
E0-001-093679746-2,Guitar Event - Guitar,South Clairemont Recreation Center,performing arts
E0-001-093772497-7,Dance Star Shiners Ballet/Tap Combo - Full Session,Carmel Valley Recreation Center,performing arts
E0-001-093743802-5,Dance to Evolve Magical Munchkins Tap/Ballet,Nobel Recreation Center,performing arts
E0-001-093746340-1,Dance to Evolve Pre-Star Shiners Tap/Ballet,Nobel Recreation Center,performing arts
E0-001-093734899-9,Dance to Evolve Tiny Movers Tap Dancing/Ballet,Nobel Recreation Center,performing arts
E0-001-094029765-9,Evolve Dance -Star Shiners Tap/Ballet,Tierrasanta Parks and Recreation Center Rooms 2 and 3,performing arts
E0-001-094030751-2,Small Group Piano Lessons,Tierrasanta Parks and Recreation Center Rooms 2 and 3,performing arts
E0-001-093795370-0,Int Jazz Tues (ages 8-13),MacArthur Park,performing arts
E0-001-093965592-7,"Tuesday 3:45 ""Piano Discovery"" Kindergarten Age - 1st Child",Wagner's School of Music,performing arts
E0-001-093822890-2,Dance Event - Capoeira,Delores Magdaleno Memorial Center,performing arts
E0-001-093822985-9,Soul Line Dancing,Encinitas Community Center,performing arts
E0-001-093820197-8,Soul Line Dancing,Encinitas Community Center,performing arts
E0-001-093821108-1,Soul Line Dancing,Encinitas Community Center,performing arts
E0-001-093681052-3,Guitar Event - Guitar,South Clairemont Recreation Center,performing arts
E0-001-093679746-2,Guitar Event - Guitar,South Clairemont Recreation Center,performing arts
E0-001-093734899-9,Dance to Evolve Tiny Movers Tap Dancing/Ballet,Nobel Recreation Center,performing arts
E0-001-093772497-7,Dance Star Shiners Ballet/Tap Combo - Full Session,Carmel Valley Recreation Center,performing arts
E0-001-093743802-5,Dance to Evolve Magical Munchkins Tap/Ballet,Nobel Recreation Center,performing arts
E0-001-093746340-1,Dance to Evolve Pre-Star Shiners Tap/Ballet,Nobel Recreation Center,performing arts
E0-001-094930282-0,Love to Sing,Encinitas Senior Center,performing arts
E0-001-094931852-0,Love to Sing,Encinitas Senior Center,performing arts
E0-001-094926450-2,Love to Sing,Encinitas Senior Center,performing arts
E0-001-094926256-8,Love to Sing,Encinitas Senior Center,performing arts
E0-001-094931144-8,Line Dancing Beginning - Level 1,Encinitas Community Center,performing arts
E0-001-094927752-4,Ukulele (Ages 18-49) - Beginning,Encinitas Community Center,performing arts
E0-001-093790950-5,Dance 2-gether- REN,Renette Center &amp; Park,performing arts
E0-001-094930282-0,Love to Sing,Encinitas Senior Center,performing arts
E0-001-094931852-0,Love to Sing,Encinitas Senior Center,performing arts
E0-001-094926450-2,Love to Sing,Encinitas Senior Center,performing arts
E0-001-094926256-8,Love to Sing,Encinitas Senior Center,performing arts
E0-001-094931144-8,Line Dancing Beginning - Level 1,Encinitas Community Center,performing arts
E0-001-094927752-4,Ukulele (Ages 18-49) - Beginning,Encinitas Community Center,performing arts
E0-001-094930999-3,Ukulele (Ages 18-49) - Beginning,Encinitas Community Center,performing arts
E0-001-094930371-3,Mommy & Me Music,Encinitas Community Center,performing arts
E0-001-094931536-5,Acting Workshops for Adults,Encinitas Community Center,performing arts
E0-001-094932252-3,Line Dancing Beginning - Level 1,Encinitas Community Center,performing arts
E0-001-094930737-5,"Hula, Tahitian and Maori Dance",Encinitas Community Center,performing arts
E0-001-094931345-5,Dance Classes - Fun Sway,Encinitas Community Center,performing arts
E0-001-094930456-3,"Hula, Tahitian and Maori Dance",Encinitas Community Center,performing arts
E0-001-094928485-2,Mommy & Me Music,Encinitas Community Center,performing arts
E0-001-094927349-4,Ukulele - Beginning,Encinitas Community Center,performing arts
E0-001-094926428-3,Ballet Teen/Adult Level I,Encinitas Community Center,performing arts
E0-001-094927606-6,Ukulele - Intermediate,Encinitas Community Center,performing arts
E0-001-094928402-9,Ballet Teen/Adult Level I,Encinitas Community Center,performing arts
E0-001-094927508-5,Soul Line Dancing,Encinitas Community Center,performing arts
E0-001-094928646-1,Ballroom Dance - Salsa,Encinitas Community Center,performing arts
E0-001-094929088-0,Soul Line Dancing,Encinitas Community Center,performing arts
E0-001-094928380-8,Dance Classes - Fun Sway,Encinitas Community Center,performing arts
E0-001-094928680-5,Tots and Pops Music and Movement,Encinitas Community Center,performing arts
E0-001-094928748-8,Dance Classes - Fun Sway,Encinitas Community Center,performing arts
E0-001-094927508-5,Soul Line Dancing,Encinitas Community Center,performing arts
E0-001-094928402-9,Ballet Teen/Adult Level I,Encinitas Community Center,performing arts
E0-001-094927730-2,Line Dancing Beginning - Level 1,Encinitas Community Center,performing arts
E0-001-094926077-3,Ukulele (Ages 18-49) - Beginning,Encinitas Community Center,performing arts
E0-001-094929470-7,"Hula, Tahitian and Maori Dance",Encinitas Community Center,performing arts
E0-001-094928870-6,Dance Classes - Fun Sway,Encinitas Community Center,performing arts
E0-001-094929505-2,Junior HipHop Dance,Encinitas Community Center,performing arts
E0-001-094927914-2,Dance Classes - Fun Sway,Encinitas Community Center,performing arts
E0-001-094927189-4,Soul Line Dancing,Encinitas Community Center,performing arts
E0-001-094927730-2,Line Dancing Beginning - Level 1,Encinitas Community Center,performing arts
E0-001-094926015-3,Ukulele - Intermediate,Encinitas Community Center,performing arts
E0-001-094926077-3,Ukulele (Ages 18-49) - Beginning,Encinitas Community Center,performing arts
E0-001-094925485-1,Just Barre - Fitness,Encinitas Community Center,performing arts
E0-001-094925528-5,Ballet Teen/Adult Level II,Encinitas Community Center,performing arts
E0-001-094925742-3,Line Dancing Beginning - Level 1,Encinitas Community Center,performing arts
E0-001-094926714-7,Dance Classes - Fun Sway,Encinitas Community Center,performing arts
E0-001-094927432-3,Teen/Adult Ballet Combined Levels I - II,Encinitas Community Center,performing arts
E0-001-094925528-5,Ballet Teen/Adult Level II,Encinitas Community Center,performing arts
E0-001-094831110-4,Ninja Hip Hop Camp,Expressions Dance & Movement Center,performing arts
E0-001-093772538-3,Beginning Ballet/Tap Combo,Oceanside High,performing arts
E0-001-093738643-0,Dance Ballroom (Aug) - NPC,City of Chula Vista,performing arts
E0-001-093746340-1,Dance to Evolve Pre-Star Shiners Tap/Ballet,Nobel Recreation Center,performing arts
E0-001-093772497-7,Dance Star Shiners Ballet/Tap Combo - Full Session,Carmel Valley Recreation Center,performing arts
E0-001-093734899-9,Dance to Evolve Tiny Movers Tap Dancing/Ballet,Nobel Recreation Center,performing arts
E0-001-093743802-5,Dance to Evolve Magical Munchkins Tap/Ballet,Nobel Recreation Center,performing arts
E0-001-094714966-1,Ukulele (Ages 18-49) - Beginning,Encinitas Community Center,performing arts
E0-001-093794048-7,Susie's Line Dance,Carmel Mountain Recreation Center,performing arts
E0-001-094716061-9,Dance Classes - Fun Sway,Encinitas Community Center,performing arts
E0-001-093774094-8,Dance Event - Advanced Dance,San Ysidro Community Activity Center,performing arts
E0-001-094594507-0,Traditional Hula Dance,Veterans Park Recreation Center,performing arts
E0-001-094306919-0,Camp: Star Wars,Old Poway Park,performing arts
E0-001-093774848-1,Dance to Evolve Magical Munchkins Tap/Ballet,Nobel Recreation Center,performing arts
E0-001-093738643-0,Dance Ballroom (Aug) - NPC,City of Chula Vista,performing arts
E0-001-093772538-3,Beginning Ballet/Tap Combo,Oceanside High,performing arts
E0-001-094217574-0@2016071400,Dancing on the Dock Ages 13+,Pavilion,performing arts
E0-001-094027124-4,Wizard of OzYOUNG ACTORS THEATRE CAMP WK 3,Encinitas Community Center,performing arts
E0-001-094781398-8,Improv Fun With The Laughing Academy Ages 10 -14,Rhein Center,performing arts
E0-001-094220966-7,Fairy Tale Dance Camp,Expressions Dance & Movement Center,performing arts
E0-001-094715821-6,Ballet Teen/Adult Level I,Encinitas Community Center,performing arts
E0-001-093733249-3,Cardio Dance Fitness,Nobel Recreation Center,performing arts
E0-001-093772876-0,Preschool Ballet/ Tap Level 1-LVC,Loma Verde Recreation Center,performing arts
E0-001-094166289-6,Junior Pop Stars Dance & Sing,Oceanside High,performing arts
E0-001-094594507-0,Traditional Hula Dance,Veterans Park Recreation Center,performing arts
E0-001-093679139-8,Irish-Ballet Dance Academy,Hourglass Fieldâ??,performing arts
E0-001-094312983-6,Dance by Michelle - First Steps,Hourglass Fieldâ??,performing arts
E0-001-094312983-6,Dance by Michelle - First Steps,Hourglass Fieldâ??,performing arts
E0-001-094928724-8,Ballet Teen/Adult Level II,Encinitas Community Center,performing arts
E0-001-094925907-8,Ukulele (Ages 18-49) - Intermediate,Encinitas Community Center,performing arts
E0-001-094926528-2,Ukulele (Ages 18-49) - Intermediate,Encinitas Community Center,performing arts
E0-001-094717242-9,Soul Line Dancing,Encinitas Community Center,performing arts
E0-001-094220966-7,Fairy Tale Dance Camp,Expressions Dance & Movement Center,performing arts
E0-001-094348354-9,Living a Fairy Tale Camp,Hillside Community Center,performing arts
E0-001-094286563-0,San Diego Performing and Visual Arts Fair,Del Mar Fairgrounds and Racetrack,performing arts
E0-001-094888793-5@2016071309,Children's Performing Arts and Science Summer Camp,WorldBeat Cultural Center,performing arts
E0-001-094834701-1@2016071309,Children's Performing Arts and Science Summer Camp,WorldBeat Cultural Center,performing arts
E0-001-094650818-6,Summer Intensive Showcase,Creative Performing Media Arts Theater,performing arts
E0-001-092013693-4,"San Diego - Meet Maddie, Kendall & Mackenzie",Royal Academy of Performing Arts,performing arts
E0-001-092733774-5,New Mexico Gun Show Carlsbad,Walter Gerrells Performing Arts and Exhibition Center,performing arts
E0-001-092421642-3,REVEALED: BoSoma Summer Season Performance 2016,Manchester Essex Regional Middle High School,performing arts
E0-001-094919527-5,Holiday Circus,Poway Center for the Performing Arts,performing arts
E0-001-094623119-6,California Ballet Presents The Nutcracker Toddler-friendly Performance,San Diego Civic Theatre,performing arts
E0-001-094129320-7@2016071310,In Dust We Trust: The Parkeology Exhibition,San Diego Art Institute,performing arts
E0-001-094625819-3,Growing Young-A Journey Through Generations,Coronado School of the Arts,performing arts
E0-001-094729988-7,UNIVERSAL SOUND AND BLISSED YOGA AT SLEEP BEDDER NORTH PARK,Sleep Bedder Art Collective,performing arts
E0-001-092168845-2,The Ultimate Bridal Extravaganza,San Diego Performing Arts Center,performing arts
E0-001-092479672-5,COMEDY BANG! BANG! LIVE!,The Irenic,performing arts
E0-001-094764568-8,Polish Tenor Piotr Beczala,Balboa Theatre,performing arts
E0-001-093663238-7,The Sweet Spot / BurrowsInk,Queen Bee's Art & Cultural Center,performing arts
E0-001-093846621-0,The Bawdy Show presents Dizney on Vice,The Merrow,performing arts
E0-001-093677232-0@2017032520,RED VELVET,The Old Globe Theatre,performing arts
E0-001-093925454-2@2016071420,"Hershey Felder as Leonard Bernstein in ""Maestro""",San Diego Repertory Theatre - Lyceum,performing arts
E0-001-094407793-8,Clint Black,Poway Center for the Performing Arts,performing arts
E0-001-091735195-9,Young Actor's Workshop,"California Center for the Arts, Escondido",performing arts
E0-001-093591128-7,The Sweet Spot San Diego: White Party Edition,Queen Bee's Art & Cultural Center,performing arts
E0-001-093246850-8@2016071520,transcenDANCE 10xChange,Museum of Contemporary Art San Diego - La Jolla,performing arts
E0-001-092653946-1,10 x Change,Museum of Contemporary Arts San Diego (La Jolla) Sherwood Auditorium,performing arts
E0-001-092653949-8,10 x Change,Museum of Contemporary Arts San Diego (La Jolla) Sherwood Auditorium,performing arts
E0-001-092653948-9,10 x Change,Museum of Contemporary Arts San Diego (La Jolla) Sherwood Auditorium,performing arts
E0-001-054796060-4,Summer C.A.M.P.,Museum of Contemporary Art San Diego - La Jolla,performing arts
E0-001-094792430-9,Sugar Rush Burlesque Night!,Queen Bee's Art & Cultural Center,performing arts
E0-001-094261639-9@2016072921,SAN DIEGO: Jai Ho! Bollywood Party - Last Fridays at Queen Bee's,Queen Bee's Art & Cultural Center,performing arts
E0-001-092450557-6@2016071714,Downbeat Big Band Dance,Queen Bee's Art & Cultural Center,performing arts
E0-001-093544025-7,Going to the Theater in Early Modern Japan: Kabuki on Stage and in Print,The San Diego Museum of Art,performing arts
E0-001-094682056-5,Ching-Ming Cheng,"California Center for the Arts, Escondido",performing arts
E0-001-094682057-4,The Mariachi Divas,"California Center for the Arts, Escondido",performing arts
E0-001-092830984-6@2016080520,The Complete Works of William Shakespeare (abridged) [revised],Luminary Arts at The Patio Playhouse,performing arts
E0-001-094848034-3,The Perfect Rock and Roll Evening at Liberty Station!,White Box Live Arts Theatre at NTC Liberty Station,performing arts
E0-001-093928195-3,Passport To France,Encinitas Community Center,performing arts
E0-001-037364145-8@2016072817,"Thursdays on the Coast, The Experience, Carlsbad",Carlsbad Village,performing arts
E0-001-093335784-7,Couture and Reggae,World Tuned Radio,performing arts
E0-001-094893485-3,Doublespeak,White Box Theater,performing arts
E0-001-094893484-4,Doublespeak,White Box Theater,performing arts
E0-001-093187798-5,Parquet Courts,The Irenic,performing arts
E0-001-087746660-1@2016071519,"""From Gypsy to Belly Dancing to Flamenco: The Journey""",Cafe Sevilla,performing arts
E0-001-094731333-6,The Royal Tea,Bonita Vista High School Gym,performing arts
E0-001-094731332-7,The Royal Tea,Bonita Vista High School Gym,performing arts
E0-001-094731331-8,The Royal Tea,Bonita Vista High School Gym,performing arts
E0-001-094731333-6,The Royal Tea,Bonita Vista High School Gym,performing arts
E0-001-094946834-8@2016072220,"Disney's ""High School Musical""",Kit Carson Park,performing arts
E0-001-094898232-8,TEDxSanDiego 2016,The University Club atop Symphony Towers,performing arts
E0-001-094408592-8,Juliette Lewis,Casbah,performing arts
E0-001-094367190-4@2016071314,The Dixie Swim Club,Lamplighter's Community Theatre,performing arts
E0-001-091401485-3,Celtic music and stories with Jamie Laval,Museum of Making Music,performing arts
E0-001-093683910-2,USD 2017 Governance Symposium,University of San Diego,performing arts
E0-001-094134930-2,Ratt's Juan Croucier,Brick By Brick,performing arts
E0-001-090715411-7,Cuvee delle Vite,TERI Campus of Life,performing arts
E0-001-093885422-0,TR/ST & COLD CAVE,Soda Bar,performing arts
E0-001-094356039-8,Black Pussy,Brick By Brick,performing arts
E0-001-093808084-3@2016100117,The Hugo Sánchez Soccerland Foundation Gala,Hotel Del Coronado,performing arts
E0-001-093500272-9,Hockey Dad,Casbah,performing arts
E0-001-092667096-2,ATS® Alchemy with Carolena Nericcio-Bohlman,Lafayette Hotel,performing arts
E0-001-093533075-6,THE VERIGOLDS - GARDEN ECHO,Soda Bar,performing arts
E0-001-094912134-0,Mob Programming Workshop - Hunter,Stone Brewing World Bistro and Gardens,performing arts
E0-001-094676428-7,FLAUNT,Quartyard,performing arts
E0-001-094609439-1,The Bones of JR Jones,Casbah,performing arts
E0-001-083825957-0@2016102717,San Diego Grace and Glory Prayer Summit 2016,Sweetwater Regional Park,spirituality
E0-001-091851833-9,"Encinitas, CA - 2016 New Life Awakening Satsang",Seaside Center for Spiritual Living,spirituality
E0-001-094776928-9,Unlock The Spiritual World Of Dreams,San Diego Eckankar Center,spirituality
E0-001-094483799-6,Stories of the Spiritual Awakening - JULY EVENT!,EVE,spirituality
E0-001-093873285-8,Representations of Femininity and Spirituality in African and African American Art,The San Diego Museum of Art,spirituality
E0-001-092199594-5,Encinitas,Seaside Center for Spiritual Living,spirituality
E0-001-094333475-7,Breakthrough Concert and Dance Party,Seaside Center for Spiritual Living,spirituality
E0-001-094651203-7,Free Your Voice Interactive Workshop,Seaside Center for Spiritual Living,spirituality
E0-001-083439685-5@2016071711,"Adoration Service @ RCCG Cornerstone Assembly San Diego, CA",RCCG Cornerstone Assembly,spirituality
E0-001-094285842-7,"Dimitri Moraitis - ""Change Your Aura Change Your Life""",WARWICKS,spirituality
E0-001-083825957-0@2016102717,San Diego Grace and Glory Prayer Summit 2016,Sweetwater Regional Park,spirituality
E0-001-091851833-9,"Encinitas, CA - 2016 New Life Awakening Satsang",Seaside Center for Spiritual Living,spirituality
E0-001-094776928-9,Unlock The Spiritual World Of Dreams,San Diego Eckankar Center,spirituality
E0-001-094483799-6,Stories of the Spiritual Awakening - JULY EVENT!,EVE,spirituality
E0-001-093873285-8,Representations of Femininity and Spirituality in African and African American Art,The San Diego Museum of Art,spirituality
E0-001-094651203-7,Free Your Voice Interactive Workshop,Seaside Center for Spiritual Living,spirituality
E0-001-094333475-7,Breakthrough Concert and Dance Party,Seaside Center for Spiritual Living,spirituality
E0-001-092199594-5,Encinitas,Seaside Center for Spiritual Living,spirituality
E0-001-083439685-5@2016071711,"Adoration Service @ RCCG Cornerstone Assembly San Diego, CA",RCCG Cornerstone Assembly,spirituality
E0-001-094285842-7,"Dimitri Moraitis - ""Change Your Aura Change Your Life""",WARWICKS,spirituality
E0-001-092096105-7,Carlsbad - 2016 New Life Awakening Retreat: Benefactors' Program,Hilton Garden Inn Carlsbad Beach,spirituality
E0-001-092284737-1,"""Identity Awakens"" presented by Unidentified Dance",El Mirador (rooftop of the Natural History Museum),spirituality
E0-001-093933804-8,"An Afternoon with Brian McLaren at Sojourn Grace Collective, San Diego",Sojourn Grace Collective,spirituality
E0-001-093909132-3@2016071310,Of Animal Importance,Museum of San Diego History,spirituality
E0-001-093804321-3,2016 New Life Awakening Retreat – Carlsbad -BENEFACTORS July 30 @ 10:00 am - 8:00 pm,"Postal code 92011, United States",spirituality
E0-001-093025004-8@2016120219,CWS at 61st & Division COC 2016,61st & Division Street Church of Christ,spirituality
E0-001-093804267-6,"2016 New Life Awakening Satsang - Encinitas, CA","Postal code 92024, US",spirituality
E0-001-094410609-0@2016100811,"Tantra Counselor Course in San Diego, CA with Shawn Roop","San Diego, California, United States",spirituality
E0-001-092339457-5,David Bazan,Casbah,spirituality
E0-001-093804395-8,"2016 Kundalini Kriya Yoga Day Retreat – Carlsbad, CA July 31 @ 10:00 am - 6:00 pm","Postal code 92011, United States",spirituality
